ID,Name,PhotoUrl
818082401,Patrick Ryan,https://randomuser.me/api/portraits/men/57.jpg
647767306,Rita Bowman,https://randomuser.me/api/portraits/women/25.jpg
496896988,Deanna Ortiz,https://randomuser.me/api/portraits/women/24.jpg
768691970,Alyssa Simmons,https://randomuser.me/api/portraits/women/19.jpg
175579158,Lisa Bates,https://randomuser.me/api/portraits/women/96.jpg
417407088,Cecil Wood,https://randomuser.me/api/portraits/men/45.jpg
499307761,Alexis Mendoza,https://randomuser.me/api/portraits/women/53.jpg
314773360,Mathew Hudson,https://randomuser.me/api/portraits/men/17.jpg
537694724,Camila Walters,https://randomuser.me/api/portraits/women/40.jpg
235652087,Jerome Lewis,https://randomuser.me/api/portraits/men/79.jpg
